sample_id	group	cellranger_cells	qc_pass_cells	scdbl_singlets	scdbl_doublets	scdbl_doublet_rate_pct	cellbender_cells	isec_cells	nCount_RNA_median	nCount_RNA_IQR	nFeature_RNA_median	nFeature_RNA_IQR	percent_mt_median	percent_mt_IQR
SRR17165223	Disease	8693	6556	5997	559	8.52654057352044	8598	5759	5390	7110.5	2239	2026.5	3.850830968788	3.75790477271394
SRR17165224	Disease	4977	3151	2991	160	5.07775309425579	5418	2893	8375	21302	2929	3430	5.7240796393689	4.81511735821508
SRR17165227	Control	8071	6424	5854	570	8.87297633872976	8268	5747	11652	13483	4057	3088	6.29982000514271	3.52138574311621
SRR17165229	Disease	12470	8959	8055	904	10.0904118763255	13496	7665	5614	11778	2380	2748	5.47691270643748	3.7893989235965
SRR17165230	Control	8079	6903	6261	642	9.30030421555845	8494	6085	10609	8517	3980	2147	5.45937065588272	2.67798875653575
SRR17165231	Control	11869	11468	9850	1618	14.1088245552843	12888	9321	8655	7518	3394	1904	5.13828238719068	2.37009729556276
